t,pos_x,pos_y,pos_z,yaw
0.00000,0.00000,0.00000,0.00000,0.00000
5.43578,0.00000,0.00000,0.00000,1.57080
10.67202,0.00000,16.00000,0.00000,1.57080
16.00000,0.00000,32.00000,0.00000,0.00000
